User_id,User_first_name,User_last_name,User_email
518796,Ashley,Stephens,Ashley.Stephens@patterson.com
734156,Matthew,Fuller,Matthew.Fuller@reed-winters.net
783364,Joseph,Parrish,Joseph.Parrish@schroeder.com
505410,Leah,Berry,Leah.Berry@larson.com
744223,Wayne,Lopez,Wayne.Lopez@cabrera.biz
489424,Alexandra,Herrera,Alexandra.Herrera@hansen.org
683396,Patricia,Wade,Patricia.Wade@hansen.org
676636,William,Mason,William.Mason@peterson.com
848798,Amy,Moore,Amy.Moore@rodriguez-coffey.com
59212,Patricia,Johnson,Patricia.Johnson@holt.com
37714,Mary,Miller,Mary.Miller@saunders-martin.com
603561,Amanda,Harper,Amanda.Harper@buckley-cook.info
652839,Shelby,Summers,Shelby.Summers@martinez-little.com
932865,Victoria,Roberts,Victoria.Roberts@steele.info
137769,Christine,Gregory,Christine.Gregory@escobar.com
555634,Charles,Hopkins,Charles.Hopkins@hart.com
949338,Meredith,Cummings,Meredith.Cummings@young.net
181347,Jeff,Smith,Jeff.Smith@daniel.com
330302,Vanessa,Wells,Vanessa.Wells@jones-reyes.info
387207,Patricia,Smith,Patricia.Smith@hall.com
415407,Emily,Norton,Emily.Norton@camacho.biz
486026,Scott,Rose,Scott.Rose@cannon.net
728545,Adrian,Martin,Adrian.Martin@lee.com
254896,Christopher,Schmidt,Christopher.Schmidt@carroll.com
316086,Wendy,Gutierrez,Wendy.Gutierrez@perez.com
628830,Deanna,Patton,Deanna.Patton@bird.com
171745,Brittany,Patterson,Brittany.Patterson@valenzuela.net
540125,Chelsea,Williams,Chelsea.Williams@thomas.com
597253,Shelly,Ford,Shelly.Ford@cervantes.com
290122,Sherri,Diaz,Sherri.Diaz@holmes.net
586001,Nicole,Buck,Nicole.Buck@riley.com
794672,Phillip,Jones,Phillip.Jones@lopez-morris.net
351057,Karen,Turner,Karen.Turner@carr.com
416796,Robert,Villarreal,Robert.Villarreal@rogers.com
604469,Hailey,Long,Hailey.Long@bowers.com
516340,Savannah,Manning,Savannah.Manning@wilkinson.com
344737,Maria,Riley,Maria.Riley@green.com
33725,Patrick,Mckinney,Patrick.Mckinney@williams.com
701728,Ashley,Pratt,Ashley.Pratt@phillips.info
264259,Olivia,Perez,Olivia.Perez@knight.com
606358,Amanda,Dominguez,Amanda.Dominguez@gregory.com
506914,Monica,Adams,Monica.Adams@benson.com
484141,James,Clark,James.Clark@klein.com
125614,Sara,Parker,Sara.Parker@ross.com
428507,Lindsay,Hernandez,Lindsay.Hernandez@rodriguez.org
381063,Luke,Edwards,Luke.Edwards@johnson.com
640664,Carrie,Butler,Carrie.Butler@griffin.net
316491,Aaron,Herrera,Aaron.Herrera@garrison.com
666520,David,Singh,David.Singh@foster.org
731368,Katrina,Jackson,Katrina.Jackson@weaver.com
410575,Christopher,Perry,Christopher.Perry@jennings.com
980602,Amanda,Gutierrez,Amanda.Gutierrez@harvey-curtis.com
415722,Robert,Barron,Robert.Barron@henderson.com
103219,Christine,Goodman,Christine.Goodman@scott-phillips.com
387206,Michael,Alvarez,Michael.Alvarez@reid-alexander.com
831912,Patricia,Scott,Patricia.Scott@camacho.com
48631,Valerie,Fernandez,Valerie.Fernandez@brooks.com
179959,Susan,Carter,Susan.Carter@clark.com
668739,John,Hancock,John.Hancock@armstrong.info
233424,Edward,Hale,Edward.Hale@hart-elliott.com
461571,James,Atkins,James.Atkins@glover-maxwell.com
43596,Denise,Daniels,Denise.Daniels@mills.com
38795,Thomas,Lee,Thomas.Lee@gonzalez.biz
192890,Nathaniel,Deleon,Nathaniel.Deleon@schneider.info
887599,Robert,Nelson,Robert.Nelson@turner.com
596084,Robert,Smith,Robert.Smith@johnson.com
733354,Eugene,Wade,Eugene.Wade@hatfield-kim.info
645196,Jared,Castaneda,Jared.Castaneda@robertson.org
742745,James,Pineda,James.Pineda@doyle-gomez.info
935230,Natasha,Mcmahon,Natasha.Mcmahon@davis.com
191986,Christopher,Gordon,Christopher.Gordon@jordan.org
859922,David,Davenport,David.Davenport@macias-harris.com
53274,Jonathan,Moore,Jonathan.Moore@stewart.com
577565,Thomas,Wilkins,Thomas.Wilkins@boyd.com
820254,Glenn,Moreno,Glenn.Moreno@robinson-duncan.com
188148,Jodi,Pitts,Jodi.Pitts@wheeler.org
721357,Sara,Bowers,Sara.Bowers@barrera.net
505646,David,House,David.House@willis.com
381534,Robyn,Watson,Robyn.Watson@martinez.org
995679,Elizabeth,Gilmore,Elizabeth.Gilmore@coleman.com
256519,Christopher,Jacobson,Christopher.Jacobson@morgan.com
911418,Elaine,Walters,Elaine.Walters@schneider-vargas.com
764796,Emily,Cook,Emily.Cook@gonzalez-nguyen.com
588404,Elizabeth,Delacruz,Elizabeth.Delacruz@atkins.com
465866,Sandra,Myers,Sandra.Myers@fox-cross.info
158062,Nicole,Harrison,Nicole.Harrison@murphy.biz
381648,Joseph,Jacobs,Joseph.Jacobs@webb-brown.biz
234444,Robert,Galvan,Robert.Galvan@smith.info
571642,Parker,Warren,Parker.Warren@ray.com
446488,Heather,Ellis,Heather.Ellis@hughes.info
936899,Ashley,Knight,Ashley.Knight@lloyd.com
287034,Natasha,Contreras,Natasha.Contreras@delgado-larson.com
199318,Robert,Bruce,Robert.Bruce@dalton-soto.org
492114,Chelsea,Holmes,Chelsea.Holmes@randolph.com
553210,Cody,Rose,Cody.Rose@silva.com
158512,Michael,Robinson,Michael.Robinson@garner.com
12466,Taylor,Wagner,Taylor.Wagner@gilbert.com
939001,April,Brown,April.Brown@davis-harmon.com
510587,Jonathan,Stewart,Jonathan.Stewart@burton.com
64496,Richard,David,Richard.David@maldonado-sellers.com
308115,Megan,Manning,Megan.Manning@evans-cherry.info
483289,Scott,Thomas,Scott.Thomas@soto.com
457797,Johnny,Rush,Johnny.Rush@miles-nguyen.biz
222530,Cody,Hubbard,Cody.Hubbard@hughes.biz
271443,Lauren,Ellis,Lauren.Ellis@johnson-davidson.org
514887,Veronica,Moran,Veronica.Moran@gross.net
752721,James,Watson,James.Watson@gonzalez.org
300939,Martin,Robinson,Martin.Robinson@thompson-gonzalez.biz
493415,James,Jackson,James.Jackson@thornton.com
945556,Jennifer,Porter,Jennifer.Porter@sanders.com
88954,Nicole,Schultz,Nicole.Schultz@walker-foster.org
286518,Erika,Colon,Erika.Colon@branch.com
3191,Mary,Baker,Mary.Baker@sanchez-kelley.com
419403,Lisa,James,Lisa.James@kelley.com
250087,Ryan,Cole,Ryan.Cole@powell.com
339145,Emma,Gutierrez,Emma.Gutierrez@vasquez.org
48649,Joshua,Davidson,Joshua.Davidson@waters.com
284027,Christopher,Johnson,Christopher.Johnson@campbell-dorsey.info
46647,Robert,Torres,Robert.Torres@obrien.org
97675,Leah,Barnett,Leah.Barnett@pruitt-mcclure.biz
277376,Michael,Sullivan,Michael.Sullivan@carter.com
876190,Alexis,Neal,Alexis.Neal@garcia.org
187724,Anne,Carson,Anne.Carson@griffin.com
475275,William,Jones,William.Jones@scott.com
671868,Noah,Floyd,Noah.Floyd@watson.com
127881,David,Davis,David.Davis@graham-smith.biz
829462,Kristina,Daniels,Kristina.Daniels@hudson-humphrey.org
951424,Julie,Johnson,Julie.Johnson@green.org
338637,Craig,Hickman,Craig.Hickman@simpson.com
99413,Amanda,Vazquez,Amanda.Vazquez@cook.com
31765,Jennifer,Vega,Jennifer.Vega@price-cook.com
137728,Andre,Walker,Andre.Walker@york.info
657712,Eddie,Casey,Eddie.Casey@wilson-lewis.com
843118,Jay,Mcclure,Jay.Mcclure@moore.com
76089,Deanna,Shaw,Deanna.Shaw@hughes.com
632201,Erin,Williams,Erin.Williams@wood.com
703601,Bryan,Nguyen,Bryan.Nguyen@freeman.net
837717,Sarah,Stanton,Sarah.Stanton@gonzalez.com
315887,Paul,Hall,Paul.Hall@ramirez-reyes.com
660147,Alexis,Gibson,Alexis.Gibson@allen-roth.info
894430,Mark,Reed,Mark.Reed@richardson.net
113895,Wendy,Fitzpatrick,Wendy.Fitzpatrick@wheeler.biz
895535,Michael,Austin,Michael.Austin@gonzalez.com
498014,Michael,Baker,Michael.Baker@green-pugh.com
323722,Calvin,Mitchell,Calvin.Mitchell@george.info
405126,Jessica,Jones,Jessica.Jones@warren-andrews.com
750680,Danielle,Scott,Danielle.Scott@wood.org
356641,William,Wyatt,William.Wyatt@moore.com
431469,Beverly,Gomez,Beverly.Gomez@scott.biz
578051,Ruth,Pennington,Ruth.Pennington@romero-curry.org
286681,Tracey,Ellis,Tracey.Ellis@silva.biz
455672,Jessica,Torres,Jessica.Torres@pearson.com
589777,Patricia,Perry,Patricia.Perry@cruz.com
951834,Riley,Cantrell,Riley.Cantrell@kim.com
252576,Steven,Charles,Steven.Charles@palmer.com
39013,Deborah,Vargas,Deborah.Vargas@goodman-brown.info
744556,Jessica,Brooks,Jessica.Brooks@wise.net
580911,Randall,Bailey,Randall.Bailey@dean-mccall.com
602667,Michael,Bell,Michael.Bell@berry-schroeder.net
52238,Angela,Shelton,Angela.Shelton@wilson.com
202633,Ryan,Mason,Ryan.Mason@thompson.net
266753,Kelsey,Guerrero,Kelsey.Guerrero@bruce-petersen.com
336695,Tammy,Martinez,Tammy.Martinez@herrera.com
343146,Yvonne,Hodge,Yvonne.Hodge@stephens.net
834784,James,White,James.White@baxter.info
501906,Nathaniel,Powers,Nathaniel.Powers@norman.info
533776,Johnny,Miller,Johnny.Miller@smith.com
16327,Amanda,Leach,Amanda.Leach@morgan-freeman.net
24409,Amber,Gutierrez,Amber.Gutierrez@estrada-brown.biz
214077,Nicole,Wheeler,Nicole.Wheeler@lowe.com
900104,Zachary,Thomas,Zachary.Thomas@alvarado.biz
905351,James,Dyer,James.Dyer@phillips.com
20818,Raymond,Liu,Raymond.Liu@welch.com
554844,Edward,Shannon,Edward.Shannon@garcia-marshall.info
958568,Christopher,Williams,Christopher.Williams@mccann.com
160540,Juan,Garcia,Juan.Garcia@knight.org
36801,Derrick,Johnson,Derrick.Johnson@santiago-mitchell.net
901933,Patrick,Miller,Patrick.Miller@jones-walker.com
614361,Anthony,Evans,Anthony.Evans@cox-ortega.biz
325126,Ryan,Gallagher,Ryan.Gallagher@huffman-perez.com
47088,Amber,Campbell,Amber.Campbell@gonzalez-allen.info
871026,Hunter,King,Hunter.King@romero.org
603636,Juan,Hernandez,Juan.Hernandez@smith.com
80934,Thomas,Sullivan,Thomas.Sullivan@bender-wall.net
996957,Stanley,Daniels,Stanley.Daniels@hall-horton.com
926834,Gabrielle,Wright,Gabrielle.Wright@mitchell.net
827870,Lauren,Elliott,Lauren.Elliott@west.com
277205,Steven,Bates,Steven.Bates@gonzalez-webster.info
472386,Paul,Rich,Paul.Rich@smith.info
430359,Emma,Smith,Emma.Smith@juarez.com
469874,Margaret,Ho,Margaret.Ho@jones-ramirez.com
199770,Samantha,Campbell,Samantha.Campbell@villegas-johnson.com
739112,Willie,Lawson,Willie.Lawson@livingston.biz
192266,Jacob,Morris,Jacob.Morris@hamilton.com
337086,Teresa,Perry,Teresa.Perry@wallace.net
111960,Daniel,Meza,Daniel.Meza@mercado.info
613022,Scott,Orr,Scott.Orr@chang.com
348533,Sean,Gilbert,Sean.Gilbert@duncan.com
966925,Jennifer,Butler,Jennifer.Butler@williams-howard.com
832157,Michael,Keller,Michael.Keller@smith.com
930150,Timothy,Copeland,Timothy.Copeland@johnson.com
710456,Johnny,Bishop,Johnny.Bishop@jackson.com
482428,Brian,Mcbride,Brian.Mcbride@shelton-buckley.com
988736,Brian,Le,Brian.Le@smith.com
589572,Joann,Holland,Joann.Holland@simmons.com
769909,Sharon,Phillips,Sharon.Phillips@daniel-webster.com
209100,Christine,Oconnor,Christine.Oconnor@robertson-vega.net
76443,Danny,Harris,Danny.Harris@gonzalez-colon.org
72693,Hannah,Bennett,Hannah.Bennett@wilson.com
579419,Gary,Baker,Gary.Baker@meadows.com
100720,Christopher,Harper,Christopher.Harper@randall.com
993241,Tonya,Lutz,Tonya.Lutz@patton.com
13421,Jeremy,Williams,Jeremy.Williams@ray-thomas.com
343682,Nichole,Hawkins,Nichole.Hawkins@roberts.com
246812,Steven,Lewis,Steven.Lewis@newman-burgess.info
613349,Michael,Alvarado,Michael.Alvarado@fisher.com
447515,Kelly,Mueller,Kelly.Mueller@donaldson.net
712967,Tanner,Lucero,Tanner.Lucero@burton.com
589651,Jonathon,Roberts,Jonathon.Roberts@gilbert.com
35924,John,Perez,John.Perez@moore-rose.com
84449,Timothy,Hendrix,Timothy.Hendrix@wagner-rhodes.biz
63633,Heather,Alexander,Heather.Alexander@diaz-garner.org
476184,Misty,Calderon,Misty.Calderon@george-ashley.com
709821,Megan,Morrison,Megan.Morrison@harper.net
381991,Joshua,Beck,Joshua.Beck@herrera-vargas.org
952613,Kenneth,Gray,Kenneth.Gray@tucker.info
81956,William,Waller,William.Waller@johns-howard.net
420020,Paul,Nichols,Paul.Nichols@ramirez.com
426502,Steven,Walker,Steven.Walker@hayes.org
681356,Carolyn,Lopez,Carolyn.Lopez@johnson-garcia.net
424763,Nicholas,Rose,Nicholas.Rose@smith.com
732786,William,Contreras,William.Contreras@wilson-smith.biz
794812,Cheryl,Stewart,Cheryl.Stewart@miller.com
838422,Kristen,Graves,Kristen.Graves@aguilar.com
315692,Stephen,Oliver,Stephen.Oliver@simpson-king.com
915382,Joshua,Boyd,Joshua.Boyd@davidson-lopez.com
659574,Lori,Daugherty,Lori.Daugherty@ramirez.com
316973,Timothy,Delacruz,Timothy.Delacruz@garza.com
198078,Melissa,Velasquez,Melissa.Velasquez@walker-huynh.info
971627,Nicholas,Powell,Nicholas.Powell@wells.com
52535,Dawn,Wagner,Dawn.Wagner@jones.com
753137,Elizabeth,Johnston,Elizabeth.Johnston@smith-kennedy.com
292029,Stephanie,Davis,Stephanie.Davis@mendez.com
855991,Susan,Manning,Susan.Manning@lawson.com
271661,Stephanie,Clay,Stephanie.Clay@young.com
894687,Matthew,Flores,Matthew.Flores@chase.biz
898597,Sarah,Banks,Sarah.Banks@scott.org
681432,Patricia,Campbell,Patricia.Campbell@wright.com
786811,Dana,House,Dana.House@richards.com
802719,Dorothy,Horton,Dorothy.Horton@grant-lewis.biz
442471,Derrick,Long,Derrick.Long@sandoval.com
472477,Emily,Barnett,Emily.Barnett@ruiz.com
28789,Shawn,Taylor,Shawn.Taylor@brown-watts.com
40584,Roger,Morrison,Roger.Morrison@hunter.com
828885,Nicole,James,Nicole.James@gates.com
340782,Kathryn,Hart,Kathryn.Hart@tyler-ball.com
69918,Caroline,Hall,Caroline.Hall@harris.net
967696,Bonnie,Schmidt,Bonnie.Schmidt@perez.com
46419,Ashley,Martinez,Ashley.Martinez@lopez.info
779332,Michael,Mcdaniel,Michael.Mcdaniel@ellis-lester.org
100418,Vanessa,Watts,Vanessa.Watts@watson.org
117759,Sarah,Cabrera,Sarah.Cabrera@young.com
777128,Leslie,Parsons,Leslie.Parsons@schneider-wong.com
214526,Cassie,Anderson,Cassie.Anderson@li.com
238658,Arthur,Hall,Arthur.Hall@fisher.com
105766,Jeremy,Shannon,Jeremy.Shannon@ramirez.org
979495,Misty,Patterson,Misty.Patterson@jackson.com
103779,Mary,Hebert,Mary.Hebert@robinson-harmon.com
684270,Pamela,Wilkins,Pamela.Wilkins@shaw.info
873543,Dwayne,Wheeler,Dwayne.Wheeler@cruz.net
228403,Julie,Ortega,Julie.Ortega@jones.net
847744,Lauren,Jackson,Lauren.Jackson@melendez-cortez.com
322619,John,Cruz,John.Cruz@west.org
806755,Lindsay,Bailey,Lindsay.Bailey@reed.biz
215097,Jeff,Thompson,Jeff.Thompson@scott.com
347120,Vernon,Matthews,Vernon.Matthews@turner.info
260864,Carly,Harper,Carly.Harper@wong-brown.com
280809,Scott,Young,Scott.Young@pena.com
974751,Christy,King,Christy.King@alvarado.net
478836,Brandon,Walker,Brandon.Walker@donovan.com
685483,Joshua,Nguyen,Joshua.Nguyen@haney.biz
178714,Brittney,Hendrix,Brittney.Hendrix@sanchez.org
945598,Katherine,Wolfe,Katherine.Wolfe@harper.com
487151,Kimberly,Caldwell,Kimberly.Caldwell@smith-shields.biz
668892,Aaron,Nguyen,Aaron.Nguyen@rodriguez.com
245721,Bruce,Meadows,Bruce.Meadows@leon-conner.com
818935,Brian,Smith,Brian.Smith@jones-simpson.com
715744,Matthew,Alexander,Matthew.Alexander@flores.org
287872,Isaiah,Davis,Isaiah.Davis@howell.com
897894,Veronica,Hammond,Veronica.Hammond@brown.net
370596,Joseph,Walsh,Joseph.Walsh@fernandez.com
962605,Christopher,Henderson,Christopher.Henderson@branch.com
770708,Sharon,Le,Sharon.Le@price.com
983421,Valerie,Snyder,Valerie.Snyder@dominguez-cannon.info
841312,Todd,Dunn,Todd.Dunn@zamora.com
620184,Jeanette,Ferguson,Jeanette.Ferguson@rush-lee.biz
622719,Shannon,Dawson,Shannon.Dawson@ward.info
631359,Kenneth,Gallagher,Kenneth.Gallagher@hicks-monroe.biz
926682,Lindsey,Brown,Lindsey.Brown@rogers.com
638853,April,Evans,April.Evans@henry.com
660398,Holly,Flores,Holly.Flores@salazar.com
979655,Joseph,Jones,Joseph.Jones@hernandez.com
482189,Maureen,Rivera,Maureen.Rivera@collier.net
671085,Kristen,Curtis,Kristen.Curtis@bennett.com
827902,Carolyn,Brown,Carolyn.Brown@lucas.info
29189,Megan,Webb,Megan.Webb@howell.com
85125,Seth,Herrera,Seth.Herrera@clay.org
402185,Lisa,Jensen,Lisa.Jensen@green-johnson.org
179359,Christopher,Harrison,Christopher.Harrison@miller-king.com
550302,Stacey,Baker,Stacey.Baker@burgess-thomas.com
951534,Craig,Haynes,Craig.Haynes@miller.biz
294350,Rachel,Graham,Rachel.Graham@munoz.com
342559,Richard,Phelps,Richard.Phelps@ryan-gibbs.com
560602,Andrew,Crosby,Andrew.Crosby@owens-sanchez.com
264642,Brian,Williams,Brian.Williams@callahan-patterson.biz
520838,Shannon,Wright,Shannon.Wright@rubio.com
802285,James,Crawford,James.Crawford@gordon.info
525671,Elizabeth,Garcia,Elizabeth.Garcia@peters.com
850056,Robert,Landry,Robert.Landry@watts-phelps.info
791208,Lisa,Rodriguez,Lisa.Rodriguez@macdonald-ruiz.com
73067,Jason,Beasley,Jason.Beasley@schmidt.com
904479,Molly,Jarvis,Molly.Jarvis@wiley.info
629820,Sheri,Ritter,Sheri.Ritter@fischer.net
414797,Edward,Contreras,Edward.Contreras@glenn-cobb.com
694385,Matthew,Gross,Matthew.Gross@woods.com
611198,Daniel,Martin,Daniel.Martin@strickland.com
342570,Jeremiah,Lewis,Jeremiah.Lewis@fuentes.com
575297,Donna,Mueller,Donna.Mueller@benson-patel.com
493231,Mary,Duncan,Mary.Duncan@stone.com
165437,Barbara,Combs,Barbara.Combs@rose-mitchell.net
921705,John,Lee,John.Lee@gibson-thomas.com
605605,David,Flores,David.Flores@smith-logan.com
618671,John,Baker,John.Baker@carter.com
222448,Luke,Mills,Luke.Mills@carpenter.com
627304,Michael,Moore,Michael.Moore@rangel-nolan.com
281468,Jamie,Wilson,Jamie.Wilson@chen.org
6859,Colleen,Baker,Colleen.Baker@robinson.com
726416,George,Peck,George.Peck@wood-brennan.com
441873,Andrea,Underwood,Andrea.Underwood@ellis-davis.com
258052,Bonnie,Cox,Bonnie.Cox@wiggins.biz
750387,Cole,Ballard,Cole.Ballard@humphrey-brown.com
380670,Elizabeth,Smith,Elizabeth.Smith@grimes-bishop.com
300013,Michael,Avila,Michael.Avila@yates.com
886033,Stephen,Osborne,Stephen.Osborne@crawford.com
21106,James,Golden,James.Golden@bradford.com
441384,Mandy,Campbell,Mandy.Campbell@cox.biz
113664,Matthew,Smith,Matthew.Smith@hardin.org
213344,Laurie,Hernandez,Laurie.Hernandez@hernandez.info
502579,Candice,Johnston,Candice.Johnston@ward.net
978455,Johnathan,Schroeder,Johnathan.Schroeder@mitchell.biz
103522,Alex,Meyer,Alex.Meyer@jennings.com
350834,Theresa,Brown,Theresa.Brown@bentley.com
491153,Margaret,Garrett,Margaret.Garrett@dalton-craig.com
516979,Ellen,Lee,Ellen.Lee@chung-johnson.info
52771,Michael,Wilson,Michael.Wilson@jones.com
797108,Laura,Hanson,Laura.Hanson@robles.org
902121,Arthur,Best,Arthur.Best@orr.com
421788,Jill,Robertson,Jill.Robertson@perkins-hall.com
712232,Lauren,Peterson,Lauren.Peterson@washington-cameron.com
587791,Sarah,George,Sarah.George@williams-mendoza.com
816312,Krystal,Odonnell,Krystal.Odonnell@klein.com
701947,Jaime,Hernandez,Jaime.Hernandez@martinez-walker.com
626714,Sheila,Smith,Sheila.Smith@martin-lewis.com
397912,Sharon,Villanueva,Sharon.Villanueva@rush.com
929864,Allen,Ramos,Allen.Ramos@mcmahon-turner.com
224502,Melissa,Spencer,Melissa.Spencer@mullen-cooper.info
315429,Christopher,Jimenez,Christopher.Jimenez@johnson-woodward.com
299690,Charles,Crawford,Charles.Crawford@mcdonald.com
645301,Sharon,Anderson,Sharon.Anderson@russell.com
164363,Jennifer,Wise,Jennifer.Wise@baker.com
175607,Autumn,Hodge,Autumn.Hodge@white-herring.com
546715,Randall,Reid,Randall.Reid@foster.com
855276,Alicia,Phillips,Alicia.Phillips@campbell.com
806427,Anthony,White,Anthony.White@keller-anderson.com
239600,Dana,Walters,Dana.Walters@jones.com
483236,Jonathan,Lewis,Jonathan.Lewis@scott.com
375255,Alexander,Jones,Alexander.Jones@gomez-torres.com
3505,Ryan,Kramer,Ryan.Kramer@ortega.com
328688,Walter,Whitehead,Walter.Whitehead@kelly.net
202312,Elizabeth,Chambers,Elizabeth.Chambers@lewis-cohen.com
696183,Timothy,Chavez,Timothy.Chavez@jensen.org
483208,Ryan,Allen,Ryan.Allen@adams.biz
423015,Ashley,Green,Ashley.Green@mitchell-sanchez.org
559971,Miranda,Newman,Miranda.Newman@melton-fischer.com
873425,Joshua,Zamora,Joshua.Zamora@brown.net
898773,Alexandra,Pearson,Alexandra.Pearson@ramirez.info
830292,Gabriel,Martinez,Gabriel.Martinez@lutz.biz
988728,Kenneth,Alvarado,Kenneth.Alvarado@whitney.com
550751,Timothy,Chandler,Timothy.Chandler@carey-velazquez.com
706156,Tammy,Gutierrez,Tammy.Gutierrez@carroll-tucker.com
704387,Jane,Joseph,Jane.Joseph@miller-walter.com
100483,Heather,Wilson,Heather.Wilson@lawrence.com
442867,Sara,Carlson,Sara.Carlson@murphy.info
65568,Randy,Russell,Randy.Russell@adams.info
437829,Michelle,Myers,Michelle.Myers@wilson.com
5112,Walter,Sanchez,Walter.Sanchez@chapman-knight.biz
897386,Catherine,Franco,Catherine.Franco@schultz.com
562669,Michelle,Boyd,Michelle.Boyd@little-smith.com
9099,William,Hunter,William.Hunter@kramer.net
924920,Kenneth,Skinner,Kenneth.Skinner@guerrero.info
393527,Charles,Macdonald,Charles.Macdonald@grant.com
585791,Lisa,Warren,Lisa.Warren@levy.com
251818,Julia,Armstrong,Julia.Armstrong@brown.com
818163,Ryan,Hoffman,Ryan.Hoffman@miller.com
989420,Mark,Coleman,Mark.Coleman@grant.com
110111,Melissa,Rhodes,Melissa.Rhodes@vang-wade.biz
195321,Joseph,Hayes,Joseph.Hayes@warren.net
346286,Elizabeth,Simmons,Elizabeth.Simmons@mahoney.com
1902,Patrick,Lee,Patrick.Lee@knight.com
951384,Crystal,Hall,Crystal.Hall@swanson.biz
581505,Adrienne,Hale,Adrienne.Hale@hunter.com
398269,Michael,Adams,Michael.Adams@adams.com
595008,Thomas,Schmidt,Thomas.Schmidt@kim.biz
501988,Aaron,Lopez,Aaron.Lopez@bruce.com
660803,Douglas,Cannon,Douglas.Cannon@morris.com
497526,Brett,Chan,Brett.Chan@maldonado-rodriguez.com
319255,Kendra,Middleton,Kendra.Middleton@barber-robinson.net
135492,Nicholas,Moore,Nicholas.Moore@middleton-nelson.com
290494,Catherine,Davidson,Catherine.Davidson@erickson.com
311985,Scott,Gonzales,Scott.Gonzales@ruiz-elliott.com
84733,Evelyn,Smith,Evelyn.Smith@clark.com
410818,William,Davis,William.Davis@valdez-daniels.com
192765,Gabriel,Robbins,Gabriel.Robbins@morris-meza.info
727915,John,Williams,John.Williams@green.com
496569,Brian,Lee,Brian.Lee@wade.net
723059,Pamela,Johnson,Pamela.Johnson@wood.com
317419,Hailey,Lane,Hailey.Lane@graham.net
562915,Darren,Neal,Darren.Neal@long.com
65597,Monique,West,Monique.West@lopez.com
316090,Sarah,Cameron,Sarah.Cameron@turner.com
400698,Michele,Fisher,Michele.Fisher@smith.org
53381,David,Sandoval,David.Sandoval@snyder.org
236835,Joseph,Morrow,Joseph.Morrow@miles.org
513346,Shelby,Watkins,Shelby.Watkins@harris.info
945406,Samantha,Riggs,Samantha.Riggs@bennett.com
177151,Jonathan,Evans,Jonathan.Evans@carrillo.org
935888,Melissa,Young,Melissa.Young@conley.biz
655733,Ashley,Nguyen,Ashley.Nguyen@baker.org
876119,Melanie,Tran,Melanie.Tran@wyatt.com
403493,Kelsey,Bowman,Kelsey.Bowman@morales-thomas.com
185013,Jason,Allen,Jason.Allen@ryan-simpson.com
625,Tiffany,Stewart,Tiffany.Stewart@wyatt.biz
342723,Annette,Ryan,Annette.Ryan@davis-jones.info
972065,Amy,Christensen,Amy.Christensen@powell.info
910855,Jane,Sims,Jane.Sims@page.com
382403,Laura,Avery,Laura.Avery@marshall.info
766223,Pamela,Tucker,Pamela.Tucker@williams.com
727328,Wesley,Johnson,Wesley.Johnson@cooper.com
8633,Brandon,Holder,Brandon.Holder@jones-perry.info
233821,Maria,Carpenter,Maria.Carpenter@wright-smith.com
113134,Michelle,Reyes,Michelle.Reyes@mcintyre.com
254822,Jennifer,Wagner,Jennifer.Wagner@taylor.net
528198,Alex,Kline,Alex.Kline@turner.com
303351,Miranda,Day,Miranda.Day@miller.com
521797,Jonathan,Ponce,Jonathan.Ponce@perez.info
997250,Lori,Johnson,Lori.Johnson@lara.info
997163,Helen,Thomas,Helen.Thomas@ford.net
830937,Derrick,Sellers,Derrick.Sellers@murphy-stevens.org
372862,Matthew,Wiley,Matthew.Wiley@buchanan.com
918649,David,Sanchez,David.Sanchez@hudson.net
39578,Brian,Willis,Brian.Willis@riley.biz
290701,Corey,Mclaughlin,Corey.Mclaughlin@smith-johnson.com
985297,Rachel,Rhodes,Rachel.Rhodes@haas.com
585488,Andrew,Ware,Andrew.Ware@lara.info
630824,Gina,Drake,Gina.Drake@blankenship.com
228290,Benjamin,Mendoza,Benjamin.Mendoza@larson.com
709454,Christine,Tucker,Christine.Tucker@vazquez.com
607543,Julie,Sanford,Julie.Sanford@sosa.net
847445,Xavier,Sanders,Xavier.Sanders@joseph.com
191011,Taylor,Rose,Taylor.Rose@smith.com
595670,Brian,Hebert,Brian.Hebert@massey.info
108741,Thomas,Walter,Thomas.Walter@romero.com
530881,Michael,Conner,Michael.Conner@robinson.com
905877,Shaun,Morrow,Shaun.Morrow@williams.com
914774,Bethany,Miller,Bethany.Miller@young.biz
455080,Ann,Peterson,Ann.Peterson@taylor-fisher.com
693719,Jessica,Dean,Jessica.Dean@willis-ortiz.com
830573,Jared,Horton,Jared.Horton@guzman-andrews.com
72280,Alyssa,Spencer,Alyssa.Spencer@baldwin-cole.com
978090,Roy,Riley,Roy.Riley@spencer.com
230917,Whitney,Riley,Whitney.Riley@houston.info
541362,Jennifer,Hubbard,Jennifer.Hubbard@mccarty.com
722808,Patricia,Pruitt,Patricia.Pruitt@gonzales-gilbert.com
610889,John,Olson,John.Olson@holder-flores.com
264012,Denise,Garcia,Denise.Garcia@white.net
294444,Jodi,Martin,Jodi.Martin@guzman.com
711121,Pamela,Garza,Pamela.Garza@strong.com
898026,Preston,Kirby,Preston.Kirby@pham-williams.com
498,Shawn,Yang,Shawn.Yang@johnson.net
82527,Kari,Collins,Kari.Collins@jackson.biz
91560,Jacob,Haas,Jacob.Haas@hall-marks.org
932454,Ashley,Johnson,Ashley.Johnson@macias.info
184092,Kimberly,Bonilla,Kimberly.Bonilla@dixon-fowler.com
589624,Lisa,Ramirez,Lisa.Ramirez@hardy.net
361787,Rhonda,Hood,Rhonda.Hood@cunningham.com
997627,Wendy,Paul,Wendy.Paul@villa-campbell.org
984067,Jonathan,Williams,Jonathan.Williams@johnson.org
220630,Meghan,Shaw,Meghan.Shaw@vazquez-smith.com
150233,Rodney,Chase,Rodney.Chase@anderson-campbell.org
380176,Ethan,Smith,Ethan.Smith@white.com
503512,Andrew,Williams,Andrew.Williams@pineda-shelton.biz
642839,Thomas,Church,Thomas.Church@fox-wilson.net
358795,Howard,Wallace,Howard.Wallace@gay-dorsey.com
356719,Kevin,Russo,Kevin.Russo@sexton-dixon.com
480571,Amy,Perry,Amy.Perry@becker.com
518903,John,Patterson,John.Patterson@dalton.org
967367,Sheila,Stuart,Sheila.Stuart@baker-welch.com
479512,April,Smith,April.Smith@vance-harris.info
934828,Daniel,Graves,Daniel.Graves@long-lambert.info
385325,Jenna,Hall,Jenna.Hall@fitzgerald-wilson.com
424110,Sheila,Dixon,Sheila.Dixon@vazquez.org
586663,Henry,Rios,Henry.Rios@jenkins.com
801584,Kyle,Smith,Kyle.Smith@smith.com
218071,Michael,Martin,Michael.Martin@mcintyre-murphy.com
57251,Amanda,Smith,Amanda.Smith@zamora.com
672716,Priscilla,Fox,Priscilla.Fox@valdez-armstrong.com
71880,John,Lopez,John.Lopez@ramirez-miller.com
760875,Ann,Phillips,Ann.Phillips@parker.com
79933,Brittany,Davis,Brittany.Davis@velazquez.biz
900772,Lindsey,Marsh,Lindsey.Marsh@weaver-horn.com
756280,Michael,Maynard,Michael.Maynard@snyder.info
708355,Christopher,Howell,Christopher.Howell@thompson.net
704705,Kelsey,Sparks,Kelsey.Sparks@hawkins.com
94843,Kimberly,Mata,Kimberly.Mata@butler.com
43282,Melissa,Simpson,Melissa.Simpson@eaton-bailey.com
807902,Pedro,Andrews,Pedro.Andrews@garcia-ellis.com
214195,Julie,Hill,Julie.Hill@johnson.net
770647,Keith,Cook,Keith.Cook@bowen.com
935928,Jessica,Kane,Jessica.Kane@conrad-russell.info
236021,Daniel,Mack,Daniel.Mack@norman-gaines.org
934622,Jonathan,Kidd,Jonathan.Kidd@lara.org
926919,Frank,Maldonado,Frank.Maldonado@reed-smith.net
779515,Shannon,Lamb,Shannon.Lamb@juarez.com
936305,Paula,Baker,Paula.Baker@gonzalez.com
737898,Andre,Edwards,Andre.Edwards@serrano.com
434880,Kimberly,Allen,Kimberly.Allen@jordan-adams.com
817083,Jonathan,Williams,Jonathan.Williams@pacheco-miller.org
483212,Timothy,Howard,Timothy.Howard@madden.org
57809,Robert,Guerra,Robert.Guerra@collins.com
462000,Susan,Alvarado,Susan.Alvarado@reilly-garcia.info
167226,Cindy,Erickson,Cindy.Erickson@tucker.com
478867,Mark,Nelson,Mark.Nelson@morgan.com
611200,Kathryn,Lopez,Kathryn.Lopez@green.biz
280619,George,Clark,George.Clark@dyer.com
886274,Charles,Carter,Charles.Carter@yoder.com
930371,Vincent,Wilson,Vincent.Wilson@pearson.com
524666,Ryan,Kemp,Ryan.Kemp@sanchez.net
172211,Kathryn,Williams,Kathryn.Williams@white.com
401789,David,Waters,David.Waters@barker.com
533720,Seth,York,Seth.York@smith.com
105391,David,Cruz,David.Cruz@cohen.com
804919,Brian,Kerr,Brian.Kerr@duffy.info
167076,Diana,Benson,Diana.Benson@rich-baker.com
480208,Lauren,Barber,Lauren.Barber@navarro-smith.com
301362,Dawn,Barron,Dawn.Barron@haynes.com
314039,Tina,Meadows,Tina.Meadows@bright.net
891452,Erik,Gordon,Erik.Gordon@mcconnell.com
390263,Sean,Bailey,Sean.Bailey@bonilla-garcia.com
776040,Danielle,Hernandez,Danielle.Hernandez@nolan.com
473055,Jacob,Hamilton,Jacob.Hamilton@miller.biz
592702,Tammy,Coleman,Tammy.Coleman@lyons.com
559569,Thomas,Hughes,Thomas.Hughes@khan.info
583564,John,Davis,John.Davis@trevino-ramirez.com
927280,Jacqueline,Short,Jacqueline.Short@lambert.com
283263,Carl,Sullivan,Carl.Sullivan@huffman-smith.com
363791,Larry,Anthony,Larry.Anthony@parker.net
642133,Joseph,Logan,Joseph.Logan@tran.com
307721,Colin,Benson,Colin.Benson@wheeler-mitchell.com
167706,Jennifer,Henderson,Jennifer.Henderson@nguyen-jenkins.biz
155156,Elizabeth,Vega,Elizabeth.Vega@bowman.com
104238,Kevin,Jackson,Kevin.Jackson@riddle.org
330760,Kenneth,Higgins,Kenneth.Higgins@barber-osborne.com
147467,Michael,Rogers,Michael.Rogers@miller.com
187467,Jennifer,Smith,Jennifer.Smith@santos-lee.com
350857,Stacy,Vang,Stacy.Vang@walker.com
428607,Emily,Espinoza,Emily.Espinoza@baxter.com
510420,Thomas,Bender,Thomas.Bender@moran-graham.com
39295,Christopher,Watkins,Christopher.Watkins@harris.net
834327,Joseph,Taylor,Joseph.Taylor@bonilla-garcia.net
799243,Kimberly,Phillips,Kimberly.Phillips@phillips-romero.com
968768,Christine,Wade,Christine.Wade@atkins.biz
889075,Stephen,King,Stephen.King@williams.com
306706,Eric,Boyd,Eric.Boyd@lee.info
282010,Christopher,Hogan,Christopher.Hogan@gonzalez.com
296317,Robert,Sullivan,Robert.Sullivan@garcia.com
414952,Mary,Thomas,Mary.Thomas@taylor.com
143339,William,Francis,William.Francis@short.info
996790,Brian,Williams,Brian.Williams@smith-hill.com
152458,Paul,Oneill,Paul.Oneill@tran.com
344271,John,Quinn,John.Quinn@roth.com
373934,Barbara,Montoya,Barbara.Montoya@gordon-rhodes.com
649457,Shawn,Cooke,Shawn.Cooke@hampton.org
887568,Kimberly,Paul,Kimberly.Paul@williams-guzman.net
207775,Catherine,Galloway,Catherine.Galloway@robinson.com
940243,Mary,Robinson,Mary.Robinson@brown.com
360926,Chris,Willis,Chris.Willis@petersen-martinez.com
298218,Rhonda,Morgan,Rhonda.Morgan@bradley.com
433221,William,Goodwin,William.Goodwin@stanley.net
292909,Matthew,Reyes,Matthew.Reyes@leonard.com
867427,Julia,Owens,Julia.Owens@nelson.net
568487,Jose,Cobb,Jose.Cobb@briggs-chavez.org
968462,Tracy,Davis,Tracy.Davis@jones-flowers.com
725502,April,Osborne,April.Osborne@werner-davis.biz
940908,Shane,Johnston,Shane.Johnston@diaz.com
461175,Nichole,White,Nichole.White@nguyen-reed.net
727689,Sonya,Roy,Sonya.Roy@farley.com
983941,Christine,Munoz,Christine.Munoz@douglas.com
375042,Julie,Coleman,Julie.Coleman@adams.com
822860,Joshua,Flores,Joshua.Flores@savage-jones.com
164134,William,White,William.White@bird.com
539937,Catherine,Smith,Catherine.Smith@johnson-clarke.com
199230,Shannon,Mcintyre,Shannon.Mcintyre@juarez.net
758834,Jessica,Mckenzie,Jessica.Mckenzie@reyes.org
74935,Matthew,Stevens,Matthew.Stevens@bartlett.org
633754,Michael,Parker,Michael.Parker@barry-williams.com
911179,Louis,George,Louis.George@wallace.com
587546,Andrew,Leblanc,Andrew.Leblanc@massey.biz
295233,Nicole,Nunez,Nicole.Nunez@vasquez-elliott.net
913895,Matthew,Taylor,Matthew.Taylor@jones.info
192542,Kelly,Burke,Kelly.Burke@davis-anderson.com
213363,Brandon,Moon,Brandon.Moon@thompson.com
652028,Christopher,Taylor,Christopher.Taylor@cameron.info
481374,Joseph,Rodriguez,Joseph.Rodriguez@mays-green.org
777477,Gregory,Jordan,Gregory.Jordan@ray.org
13581,Anthony,Harrison,Anthony.Harrison@scott.com
198936,William,Fletcher,William.Fletcher@morgan-li.com
928752,Kendra,Novak,Kendra.Novak@rhodes.com
713144,James,Wright,James.Wright@miller-rivera.com
739253,Jeffrey,Wagner,Jeffrey.Wagner@todd.net
636551,Anne,Mitchell,Anne.Mitchell@simon.com
839852,Heather,Taylor,Heather.Taylor@swanson.net
577303,Adam,Miller,Adam.Miller@oliver-hart.org
602443,Brian,Contreras,Brian.Contreras@cooper.com
401550,Ryan,Cruz,Ryan.Cruz@russell-anderson.info
943717,Audrey,Graham,Audrey.Graham@brown.net
492111,Lisa,Johnson,Lisa.Johnson@rivera.com
743472,Tina,Anthony,Tina.Anthony@taylor-lyons.biz
428215,Charles,Vargas,Charles.Vargas@bernard-clayton.com
248598,Curtis,Green,Curtis.Green@jacobs.com
592581,Travis,Hill,Travis.Hill@horn-martin.com
672902,Ronnie,Williams,Ronnie.Williams@henry.com
93125,Gary,Frank,Gary.Frank@clay-reyes.info
275712,Patrick,Dougherty,Patrick.Dougherty@graham.org
811663,Pamela,Richmond,Pamela.Richmond@gomez-miller.org
345466,Anthony,Floyd,Anthony.Floyd@blake-wilson.com
289152,Brian,Anderson,Brian.Anderson@martinez.org
159854,Randall,Ballard,Randall.Ballard@wiggins.com
151652,Robert,Jones,Robert.Jones@franklin.net
425065,Brandon,Smith,Brandon.Smith@huynh.org
464151,Sonya,Dickson,Sonya.Dickson@moore.com
337049,Paul,Huber,Paul.Huber@reynolds.biz
863157,Lynn,Holder,Lynn.Holder@wilson-brown.net
846875,Brooke,Donovan,Brooke.Donovan@steele-ramirez.com
925627,Zachary,Guerrero,Zachary.Guerrero@thompson.biz
665320,Christopher,Mullins,Christopher.Mullins@salazar-klein.com
329367,Debbie,Glenn,Debbie.Glenn@mills.com
77549,Tyler,Gray,Tyler.Gray@wright-wilkins.com
850345,Dana,Franklin,Dana.Franklin@jones.com
551127,Mikayla,Braun,Mikayla.Braun@perez-hernandez.com
43707,Matthew,Barnes,Matthew.Barnes@holloway.com
683296,Rebecca,Osborne,Rebecca.Osborne@bauer.com
37061,Jonathan,Wilson,Jonathan.Wilson@brown.com
589437,Tamara,Johnson,Tamara.Johnson@garcia.com
982198,Chad,Love,Chad.Love@arnold.com
808880,Melissa,Roberts,Melissa.Roberts@lynn.com
327791,Alexandra,Dunn,Alexandra.Dunn@cohen-mason.com
300906,Chelsea,Marshall,Chelsea.Marshall@horn.biz
794297,Jason,Green,Jason.Green@jimenez.com
119203,Christopher,Roberts,Christopher.Roberts@howe.com
742650,Rebecca,Vaughan,Rebecca.Vaughan@villanueva.org
354226,Sarah,Warren,Sarah.Warren@peck.biz
240272,Michael,Reed,Michael.Reed@leonard.com
602215,Tina,Hampton,Tina.Hampton@barr.com
629313,Rachel,Fleming,Rachel.Fleming@gutierrez-martin.biz
533919,Joseph,Scott,Joseph.Scott@cabrera.com
129930,Paul,Hogan,Paul.Hogan@jackson.com
857490,Paul,Brown,Paul.Brown@wilkins.biz
32471,Carmen,Arias,Carmen.Arias@crawford.info
74959,Courtney,Lambert,Courtney.Lambert@santos.com
839642,Alyssa,Johnson,Alyssa.Johnson@leach-gallegos.org
598352,Robert,Hernandez,Robert.Hernandez@jackson-vincent.com
406879,Daniel,Hood,Daniel.Hood@wise.com
54878,Linda,Fernandez,Linda.Fernandez@berger.info
299471,Jessica,Garcia,Jessica.Garcia@anderson-lewis.com
647717,Sean,Marquez,Sean.Marquez@best.biz
766503,Brenda,Hayes,Brenda.Hayes@cameron.org
253935,Rodney,Cox,Rodney.Cox@meyer.com
400038,Sharon,Patton,Sharon.Patton@hoffman.org
622593,Sarah,Jacobs,Sarah.Jacobs@dunn.biz
158539,Anthony,Flores,Anthony.Flores@norris.com
229500,William,Gibson,William.Gibson@freeman.com
787668,Angelica,Harris,Angelica.Harris@garrett.net
865082,Karen,Reed,Karen.Reed@murray-hamilton.com
766259,Emily,Clark,Emily.Clark@phillips.com
716143,Samantha,Wright,Samantha.Wright@perkins.com
777061,James,Johnson,James.Johnson@jackson.info
275743,Stephanie,Ross,Stephanie.Ross@dixon.org
14640,Mary,Marquez,Mary.Marquez@schmidt.com
76309,Cynthia,Parks,Cynthia.Parks@wallace-campbell.com
469701,Johnny,Nelson,Johnny.Nelson@hobbs.net
447596,Anna,Miller,Anna.Miller@simpson.com
209329,Mary,Morris,Mary.Morris@hardin.com
33087,Nicholas,Garcia,Nicholas.Garcia@benjamin.net
215300,Christina,Brown,Christina.Brown@vance.info
130731,Robert,Wilson,Robert.Wilson@snyder-maldonado.biz
570195,Isabel,Scott,Isabel.Scott@patton.biz
978169,Richard,Young,Richard.Young@hartman.net
204324,Christopher,Curry,Christopher.Curry@sanford.com
387428,Jonathan,Owens,Jonathan.Owens@white-garrett.info
38183,Michael,Oneal,Michael.Oneal@smith.com
249404,Natasha,Sweeney,Natasha.Sweeney@wilson.com
61340,Mary,Benson,Mary.Benson@baxter.com
764666,Jose,Yates,Jose.Yates@stevens.com
45221,Brad,Morales,Brad.Morales@li.com
770564,Brandon,West,Brandon.West@greer.net
820269,Robin,Garcia,Robin.Garcia@hill-pollard.com
823628,Alicia,Velazquez,Alicia.Velazquez@bennett-mcdonald.com
669003,Theodore,Wilson,Theodore.Wilson@garcia-silva.com
304986,Kathy,Herrera,Kathy.Herrera@freeman.com
289217,Elizabeth,Lane,Elizabeth.Lane@carter.net
843094,John,Lyons,John.Lyons@martinez.com
530447,Pamela,Williams,Pamela.Williams@anthony.com
685966,Nicole,Brown,Nicole.Brown@doyle.com
186209,Todd,Willis,Todd.Willis@boyd-barton.org
285333,Barbara,Hayes,Barbara.Hayes@miller.com
890334,Chris,Brown,Chris.Brown@henry.org
217170,John,Reese,John.Reese@houston-thompson.com
237887,Lisa,Clark,Lisa.Clark@mason-perkins.net
399498,Alexander,Jones,Alexander.Jones@gregory.com
331475,Michael,Ortiz,Michael.Ortiz@griffin-hill.com
770503,Jonathan,Turner,Jonathan.Turner@smith.com
549855,Sandra,Hayes,Sandra.Hayes@nelson.org
587712,Dennis,Lang,Dennis.Lang@foster.biz
824089,Sarah,Bond,Sarah.Bond@mcgrath-ford.com
121076,Brian,Miranda,Brian.Miranda@foster-kelly.com
827326,Kyle,Flores,Kyle.Flores@walton-mitchell.com
466886,Kenneth,Ashley,Kenneth.Ashley@wagner.info
770723,Alex,Murray,Alex.Murray@hendrix.info
891153,Tammy,Robinson,Tammy.Robinson@evans.com
940058,Ruth,Griffin,Ruth.Griffin@cruz.com
156068,Kathleen,Morrison,Kathleen.Morrison@hendrix-small.com
447439,Erik,Clayton,Erik.Clayton@harris.biz
154791,Leon,Best,Leon.Best@thompson.biz
169675,Jeff,Perry,Jeff.Perry@torres-hayes.biz
670394,Sheila,Wheeler,Sheila.Wheeler@sheppard.org
40165,Anna,Griffith,Anna.Griffith@thomas.net
614254,George,Evans,George.Evans@nelson-adams.com
651833,Robert,Mcdowell,Robert.Mcdowell@taylor.com
63009,Michael,Murphy,Michael.Murphy@reyes.org
413781,Becky,Gonzalez,Becky.Gonzalez@adams.com
46062,Jeffrey,Martin,Jeffrey.Martin@lynch.com
151454,Wendy,Garcia,Wendy.Garcia@garcia.org
791047,Kelly,Dunn,Kelly.Dunn@johnson.com
642426,Leah,James,Leah.James@lee.net
852637,Nicole,Shah,Nicole.Shah@jenkins.com
764583,Rachel,Roy,Rachel.Roy@brown-gordon.biz
900605,Timothy,Collier,Timothy.Collier@henson.com
874636,Angela,Riley,Angela.Riley@smith-reed.info
242494,Sherri,Beck,Sherri.Beck@wade-mills.com
182391,Mary,Espinoza,Mary.Espinoza@bishop.com
748046,Joseph,Scott,Joseph.Scott@campbell-chan.com
9221,Cheyenne,Dunn,Cheyenne.Dunn@kelly.net
635084,Gregory,Holmes,Gregory.Holmes@huff.com
26271,Michael,Bell,Michael.Bell@pratt.info
718675,Amy,Johnson,Amy.Johnson@walker.com
535827,Brian,Kennedy,Brian.Kennedy@erickson.net
118593,Thomas,Jones,Thomas.Jones@williams.com
937568,Mary,Watson,Mary.Watson@coleman-gould.com
912212,Stephen,Moore,Stephen.Moore@blake-burgess.info
752910,Richard,Benson,Richard.Benson@garner.com
322987,Christopher,Olson,Christopher.Olson@lewis.com
104929,Jasmine,Poole,Jasmine.Poole@hicks.org
902406,Shawn,Lowery,Shawn.Lowery@smith.org
995299,Richard,Munoz,Richard.Munoz@ochoa-anderson.biz
191794,Jacqueline,Johnson,Jacqueline.Johnson@miller-lamb.info
253868,Amy,Jennings,Amy.Jennings@cooper-atkinson.info
881856,Deborah,Garcia,Deborah.Garcia@jones.com
484390,Jason,Cordova,Jason.Cordova@brown-taylor.com
36452,Olivia,Lopez,Olivia.Lopez@elliott.com
331891,Derek,Monroe,Derek.Monroe@anderson-knight.com
312125,Deanna,Murphy,Deanna.Murphy@morrison.org
938724,Felicia,Anderson,Felicia.Anderson@berg.com
531244,Holly,Marshall,Holly.Marshall@smith.org
934989,Joseph,Barnes,Joseph.Barnes@huynh.com
734402,Timothy,Webb,Timothy.Webb@williamson-waller.com
453520,Samantha,Lucas,Samantha.Lucas@pham-anderson.net
795022,Cynthia,Harvey,Cynthia.Harvey@watson.com
679578,Cynthia,Summers,Cynthia.Summers@singh.com
848861,Jeremy,Mccarthy,Jeremy.Mccarthy@craig.net
822427,Jordan,Horn,Jordan.Horn@valdez-gillespie.info
736290,Michael,James,Michael.James@delgado.org
116290,Scott,Wright,Scott.Wright@castro.com
242877,Ellen,Carroll,Ellen.Carroll@mccarthy.com
749591,Jose,Lane,Jose.Lane@ferguson.org
287614,Anthony,Rogers,Anthony.Rogers@meyer-mendez.com
803985,Victoria,Smith,Victoria.Smith@reed.biz
67004,Elizabeth,Sellers,Elizabeth.Sellers@morales.info
423901,Sarah,Lewis,Sarah.Lewis@singleton-brown.com
948244,Amanda,Liu,Amanda.Liu@wright.biz
356411,Mary,Jackson,Mary.Jackson@burton.com
636161,Jimmy,Hendricks,Jimmy.Hendricks@black.biz
958901,Sarah,Turner,Sarah.Turner@fitzgerald-tucker.info
210981,Joseph,Barnett,Joseph.Barnett@hernandez.info
343607,Melanie,Lam,Melanie.Lam@frazier.org
727957,Sherry,Hanna,Sherry.Hanna@stafford.info
563491,Jennifer,Wilson,Jennifer.Wilson@osborn.net
773052,Jonathan,Richardson,Jonathan.Richardson@bond-butler.com
718132,Katie,Harper,Katie.Harper@parrish.com
751526,Jeffery,Torres,Jeffery.Torres@zavala-edwards.info
447509,Eric,Ruiz,Eric.Ruiz@harrell.com
870433,James,Johnson,James.Johnson@lopez-white.com
922854,Michael,Sanders,Michael.Sanders@odonnell.com
462517,Shaun,Bryant,Shaun.Bryant@neal.com
797265,Jennifer,Morse,Jennifer.Morse@owens.com
75094,Rebecca,Adams,Rebecca.Adams@lee.com
234819,Elizabeth,Brown,Elizabeth.Brown@strickland.net
831195,Darlene,Mcguire,Darlene.Mcguire@evans-mcneil.com
571674,Jennifer,Snyder,Jennifer.Snyder@schmidt-solomon.com
293557,Victor,Garcia,Victor.Garcia@phillips-houston.net
204943,David,Ross,David.Ross@evans.com
252582,Brooke,Hunter,Brooke.Hunter@ali.com
269110,Briana,Walsh,Briana.Walsh@collins.com
129817,Allen,Cruz,Allen.Cruz@harvey.org
418950,Patricia,Pham,Patricia.Pham@johnson-morris.org
2386,Mark,Lane,Mark.Lane@carpenter.com
168718,Kathleen,Mercado,Kathleen.Mercado@cruz.com
87505,Gregory,Hampton,Gregory.Hampton@kim.com
429944,Thomas,Jones,Thomas.Jones@jones.net
332762,Sandra,Ashley,Sandra.Ashley@schmitt.com
38080,Robin,Marquez,Robin.Marquez@beck-nelson.com
837036,Dominique,Moore,Dominique.Moore@guerra-oliver.info
564611,Debbie,Lee,Debbie.Lee@sampson.org
969712,Kenneth,Cabrera,Kenneth.Cabrera@sutton-henry.org
686349,Sandra,Aguirre,Sandra.Aguirre@henderson.com
303461,David,Powers,David.Powers@stephens.com
884603,Steven,Grant,Steven.Grant@johnston.com
734661,Joshua,Miller,Joshua.Miller@morris-le.biz
719316,Douglas,Martin,Douglas.Martin@smith.com
366738,Christine,Murphy,Christine.Murphy@walker.com
294013,Brent,Wilson,Brent.Wilson@hamilton-kelly.com
751117,Kathleen,Jones,Kathleen.Jones@gonzalez-wilkerson.org
987927,Amanda,Henry,Amanda.Henry@griffin.org
631184,Morgan,Rodgers,Morgan.Rodgers@gomez.com
288710,Victor,Rogers,Victor.Rogers@hernandez.biz
14188,David,Diaz,David.Diaz@walker-porter.org
647616,Mary,Hudson,Mary.Hudson@gomez-richardson.com
575815,Janice,White,Janice.White@kelley.com
596556,Rebecca,Smith,Rebecca.Smith@campbell.net
118405,Beth,Hawkins,Beth.Hawkins@edwards-pollard.com
395169,Christopher,Mays,Christopher.Mays@briggs.org
36425,Carrie,Allen,Carrie.Allen@castaneda-johnson.com
803549,William,Scott,William.Scott@horn.com
175304,Penny,Griffith,Penny.Griffith@scott.com
46586,Matthew,Blair,Matthew.Blair@hoffman.com
363257,Christine,Mcdaniel,Christine.Mcdaniel@perez-barnett.com
290600,Amy,Henry,Amy.Henry@sullivan-meyer.com
924861,David,Martin,David.Martin@smith.net
666888,Jesse,Bailey,Jesse.Bailey@wade-bell.com
582320,Michael,Stephenson,Michael.Stephenson@bell.org
861281,Tammy,Garcia,Tammy.Garcia@roberts.com
884354,Jose,Hernandez,Jose.Hernandez@joyce.info
383615,Marcus,Nielsen,Marcus.Nielsen@jacobson.net
753365,Elizabeth,Johnson,Elizabeth.Johnson@graham.com
757092,Aaron,Hicks,Aaron.Hicks@wallace-perez.com
430972,Carmen,Stewart,Carmen.Stewart@powell.com
281090,Joshua,Long,Joshua.Long@scott.com
596856,Jasmin,Lewis,Jasmin.Lewis@miller-anderson.com
120615,Melanie,Bishop,Melanie.Bishop@marks.com
637138,Karen,Watts,Karen.Watts@gomez.com
888919,Eric,Bauer,Eric.Bauer@atkinson.com
757724,Diane,Baker,Diane.Baker@jackson.com
457877,Anthony,Long,Anthony.Long@mckinney.com
995364,Clayton,Scott,Clayton.Scott@ball-perez.com
667117,Martha,Thomas,Martha.Thomas@gallagher.org
497466,Pamela,Cannon,Pamela.Cannon@richard-peterson.com
444286,Joshua,Phillips,Joshua.Phillips@ward-hernandez.org
50836,Heather,Anderson,Heather.Anderson@richards.net
786986,Anthony,Phillips,Anthony.Phillips@flores.biz
106848,Shawn,Mullins,Shawn.Mullins@ward.com
10526,Mary,Hudson,Mary.Hudson@torres.com
698715,Todd,Lopez,Todd.Lopez@anderson.com
73513,Jamie,Farrell,Jamie.Farrell@williams-roberts.com
505894,Johnny,Snow,Johnny.Snow@herrera.com
690879,Terry,Williams,Terry.Williams@velasquez-johnson.org
838113,John,Chan,John.Chan@hoffman-wells.com
195958,Brandon,Manning,Brandon.Manning@hull-bradshaw.info
665658,Mary,Hammond,Mary.Hammond@dixon.com
416592,Jeffrey,Williams,Jeffrey.Williams@brown.biz
273726,Colleen,Murray,Colleen.Murray@palmer-hanson.biz
284977,Elizabeth,Jackson,Elizabeth.Jackson@gordon.net
819994,Gary,Molina,Gary.Molina@cole.com
218597,Amanda,Martin,Amanda.Martin@mckinney.com
21195,Joseph,Osborne,Joseph.Osborne@cook-randolph.com
782633,Jessica,Lawson,Jessica.Lawson@carlson.com
754898,Jacqueline,Clark,Jacqueline.Clark@johnson-foley.com
22257,Penny,Flores,Penny.Flores@martin.com
476402,Mark,Obrien,Mark.Obrien@jimenez.org
86439,Tiffany,Thomas,Tiffany.Thomas@reed-lucas.info
81503,Scott,Levy,Scott.Levy@lara.com
588669,Jennifer,Allen,Jennifer.Allen@barber-bell.com
199921,Zachary,Montgomery,Zachary.Montgomery@maxwell.com
855456,Samuel,Martinez,Samuel.Martinez@watkins.com
25521,Brittany,Elliott,Brittany.Elliott@roth-barron.com
456487,Scott,Barnes,Scott.Barnes@small.com
871508,Amber,Patterson,Amber.Patterson@lewis.com
781920,Michael,Butler,Michael.Butler@morse-patel.com
536503,Amber,Hardin,Amber.Hardin@nelson.com
897136,Emily,Nguyen,Emily.Nguyen@griffin.org
311297,Shawna,Pacheco,Shawna.Pacheco@flores.com
888383,Joseph,Romero,Joseph.Romero@williams.com
544880,Tim,Robinson,Tim.Robinson@watts.com
585348,Stephanie,Daniels,Stephanie.Daniels@hernandez-fisher.com
194202,Joseph,Davis,Joseph.Davis@mcdaniel.com
210556,Ricky,Brown,Ricky.Brown@harris-lambert.com
193521,Steven,Clark,Steven.Clark@gregory.com
666095,Ellen,Franklin,Ellen.Franklin@oliver.com
466425,Destiny,Oconnell,Destiny.Oconnell@adkins.org
714866,Laura,Robbins,Laura.Robbins@rivera-wilson.info
53315,Chase,Edwards,Chase.Edwards@mccarthy.org
613874,Matthew,Davila,Matthew.Davila@ortiz.com
618543,Jack,Mckinney,Jack.Mckinney@brooks.org
225682,Steven,Mitchell,Steven.Mitchell@scott.net
908310,John,Bush,John.Bush@henderson.com
657231,Robert,Smith,Robert.Smith@andrade.biz
873299,Emma,Smith,Emma.Smith@williamson-pope.com
3976,James,Phillips,James.Phillips@kerr-figueroa.com
440518,Cheyenne,Johnson,Cheyenne.Johnson@moran-day.net
563642,Ashley,Gonzales,Ashley.Gonzales@gallegos.com
215883,Angela,Morgan,Angela.Morgan@torres.com
607887,Paul,Booth,Paul.Booth@brown.com
590199,Ryan,Martin,Ryan.Martin@davenport-jackson.com
261974,Jeffrey,Baker,Jeffrey.Baker@bennett.com
516708,Zachary,Howell,Zachary.Howell@arnold.com
137293,Tracy,Rowe,Tracy.Rowe@brewer.net
646166,Justin,Day,Justin.Day@wilson-reese.com
220727,Jason,Lawrence,Jason.Lawrence@rich-harris.com
887394,Brittany,Kim,Brittany.Kim@gibson.info
549405,Kelsey,Wright,Kelsey.Wright@hodge.info
698315,Emily,Sutton,Emily.Sutton@williams.com
463077,James,Brewer,James.Brewer@williams-miller.com
575494,Cody,Roman,Cody.Roman@adkins.com
226215,Jason,Mccullough,Jason.Mccullough@davies.org
761095,Matthew,Miller,Matthew.Miller@hanson.com
760571,Joshua,Schaefer,Joshua.Schaefer@neal.com
796260,Jacob,Cook,Jacob.Cook@richardson.net
636494,Richard,Lopez,Richard.Lopez@mckenzie-davis.biz
977949,Richard,Fields,Richard.Fields@carter.com
318205,Joyce,Stephens,Joyce.Stephens@johnson.com
374098,Matthew,Smith,Matthew.Smith@johnson-maldonado.info
27898,David,Hull,David.Hull@cervantes-elliott.com
858661,John,Sanchez,John.Sanchez@johnson.com
666273,Mark,Ellis,Mark.Ellis@cardenas.com
656564,David,Lopez,David.Lopez@perez.info
